season_id,matchday,kickoff_ts,home_team_id,away_team_id,home_goals,away_goals
2023-24,1,2023-08-11 20:00:00,6,15,0,3
2023-24,1,2023-08-12 13:00:00,2,18,2,1
2023-24,1,2023-08-12 15:00:00,1,22,1,1
2023-24,1,2023-08-12 15:00:00,5,14,4,1
2023-24,1,2023-08-12 15:00:00,9,10,0,1
2023-24,1,2023-08-12 15:00:00,19,8,0,1
2023-24,1,2023-08-12 17:30:00,17,3,5,1
2023-24,1,2023-08-13 14:00:00,4,21,2,2
2023-24,1,2023-08-13 16:30:00,7,13,1,1
2023-24,1,2023-08-14 20:00:00,16,23,1,0
2023-24,2,2023-08-18 19:45:00,18,19,2,1
2023-24,2,2023-08-19 15:00:00,10,4,0,3
2023-24,2,2023-08-19 15:00:00,13,1,3,1
2023-24,2,2023-08-19 15:00:00,23,5,1,4
2023-24,2,2023-08-19 17:30:00,21,16,2,0
2023-24,2,2023-08-19 20:00:00,15,17,1,0
2023-24,2,2023-08-20 14:00:00,3,9,4,0
2023-24,2,2023-08-20 16:30:00,22,7,3,1
2023-24,2,2023-08-21 20:00:00,8,2,0,1
2023-24,3,2023-08-25 20:00:00,7,14,3,0
2023-24,3,2023-08-26 12:30:00,1,21,0,2
2023-24,3,2023-08-26 15:00:00,9,23,0,1
2023-24,3,2023-08-26 15:00:00,16,18,3,2
2023-24,3,2023-08-26 15:00:00,2,10,2,2
2023-24,3,2023-08-26 15:00:00,4,8,1,1
2023-24,3,2023-08-26 17:30:00,5,22,1,3
2023-24,3,2023-08-27 14:00:00,19,15,1,2
2023-24,3,2023-08-27 15:00:00,6,3,1,3
2023-24,3,2023-08-27 16:30:00,17,13,1,2
2023-24,4,2023-09-01 20:00:00,14,22,1,2
2023-24,4,2023-09-02 12:30:00,19,9,2,2
2023-24,4,2023-09-02 15:00:00,4,1,2,2
2023-24,4,2023-09-02 15:00:00,6,21,2,5
2023-24,4,2023-09-02 15:00:00,7,18,0,1
2023-24,4,2023-09-02 15:00:00,15,10,5,1
2023-24,4,2023-09-02 17:30:00,5,17,3,1
2023-24,4,2023-09-03 14:00:00,8,23,3,2
2023-24,4,2023-09-03 15:00:00,13,3,3,0
2023-24,4,2023-09-03 16:30:00,2,16,3,1
2023-24,5,2023-09-16 12:30:00,23,13,1,3
2023-24,5,2023-09-16 15:00:00,3,8,3,1
2023-24,5,2023-09-16 15:00:00,10,14,1,0
2023-24,5,2023-09-16 15:00:00,16,5,1,3
2023-24,5,2023-09-16 15:00:00,21,19,2,1
2023-24,5,2023-09-16 15:00:00,22,15,1,3
2023-24,5,2023-09-16 17:30:00,17,4,1,0
2023-24,5,2023-09-17 16:30:00,9,2,0,1
2023-24,5,2023-09-18 19:45:00,18,6,1,1
2023-24,6,2023-09-23 15:00:00,14,23,1,1
2023-24,6,2023-09-23 15:00:00,15,18,2,0
2023-24,6,2023-09-23 17:30:00,4,9,1,3
2023-24,6,2023-09-23 20:00:00,6,16,0,1
2023-24,6,2023-09-24 14:00:00,2,21,2,2
2023-24,6,2023-09-24 15:00:00,5,1,3,1
2023-24,6,2023-09-24 15:00:00,7,3,0,1
2023-24,6,2023-09-24 15:00:00,13,22,3,1
2023-24,6,2023-09-24 16:30:00,19,17,0,8
2023-24,7,2023-09-30 12:30:00,3,5,6,1
2023-24,7,2023-09-30 15:00:00,1,2,0,4
2023-24,7,2023-09-30 15:00:00,9,14,1,2
2023-24,7,2023-09-30 15:00:00,16,8,0,1
2023-24,7,2023-09-30 15:00:00,17,6,2,0
2023-24,7,2023-09-30 15:00:00,22,19,2,0
2023-24,7,2023-09-30 15:00:00,23,15,2,1
2023-24,7,2023-09-30 17:30:00,21,13,2,1
2023-24,7,2023-10-01 14:00:00,18,4,1,1
2023-24,7,2023-10-02 20:00:00,10,7,0,2
2023-24,2,2023-10-03 19:30:00,14,6,1,2
2023-24,8,2023-10-07 12:30:00,14,21,0,1
2023-24,8,2023-10-07 15:00:00,6,7,1,4
2023-24,8,2023-10-07 15:00:00,9,1,3,0
2023-24,8,2023-10-07 15:00:00,10,19,3,1
2023-24,8,2023-10-07 15:00:00,16,4,2,1
2023-24,8,2023-10-08 14:00:00,5,13,2,2
2023-24,8,2023-10-08 15:00:00,22,17,2,2
2023-24,8,2023-10-08 15:00:00,23,3,1,1
2023-24,8,2023-10-08 16:30:00,2,15,1,0
2023-24,9,2023-10-21 12:30:00,13,9,2,0
2023-24,9,2023-10-21 15:00:00,1,23,1,2
2023-24,9,2023-10-21 15:00:00,4,6,3,0
2023-24,9,2023-10-21 15:00:00,15,5,2,1
2023-24,9,2023-10-21 15:00:00,17,8,4,0
2023-24,9,2023-10-21 15:00:00,18,14,2,2
2023-24,9,2023-10-21 17:30:00,7,2,2,2
2023-24,9,2023-10-21 20:00:00,19,16,1,2
2023-24,9,2023-10-22 16:30:00,3,22,4,1
2023-24,9,2023-10-23 20:00:00,21,10,2,0
2023-24,10,2023-10-27 20:00:00,8,21,1,2
2023-24,10,2023-10-28 12:30:00,7,4,0,2
2023-24,10,2023-10-28 15:00:00,1,6,2,1
2023-24,10,2023-10-28 15:00:00,2,19,5,0
2023-24,10,2023-10-28 17:30:00,23,17,2,2
2023-24,10,2023-10-29 13:00:00,22,9,0,1
2023-24,10,2023-10-29 14:00:00,3,14,3,1
2023-24,10,2023-10-29 15:00:00,5,10,1,1
2023-24,10,2023-10-29 15:00:00,13,18,3,0
2023-24,10,2023-10-29 15:30:00,16,15,0,3
2023-24,11,2023-11-04 12:30:00,10,16,0,1
2023-24,11,2023-11-04 15:00:00,4,22,3,2
2023-24,11,2023-11-04 15:00:00,6,8,0,2
2023-24,11,2023-11-04 15:00:00,9,5,1,1
2023-24,11,2023-11-04 15:00:00,15,1,6,1
2023-24,11,2023-11-04 15:00:00,19,23,2,1
2023-24,11,2023-11-04 17:30:00,17,2,1,0
2023-24,11,2023-11-05 14:00:00,18,3,2,0
2023-24,11,2023-11-05 16:30:00,14,13,1,1
2023-24,11,2023-11-06 20:00:00,21,7,1,4
2023-24,12,2023-11-11 12:30:00,23,21,2,1
2023-24,12,2023-11-11 15:00:00,2,6,3,1
2023-24,12,2023-11-11 15:00:00,8,9,2,3
2023-24,12,2023-11-11 15:00:00,16,14,1,0
2023-24,12,2023-11-11 17:30:00,1,17,2,0
2023-24,12,2023-11-12 14:00:00,3,10,3,1
2023-24,12,2023-11-12 15:00:00,5,19,1,1
2023-24,12,2023-11-12 15:00:00,13,4,3,0
2023-24,12,2023-11-12 15:00:00,22,18,3,2
2023-24,12,2023-11-12 16:30:00,7,15,4,4
2023-24,13,2023-11-25 12:30:00,15,13,1,1
2023-24,13,2023-11-25 15:00:00,6,22,1,2
2023-24,13,2023-11-25 15:00:00,14,8,2,1
2023-24,13,2023-11-25 15:00:00,17,7,4,1
2023-24,13,2023-11-25 15:00:00,18,5,2,3
2023-24,13,2023-11-25 15:00:00,19,1,1,3
2023-24,13,2023-11-25 17:30:00,4,2,0,1
2023-24,13,2023-11-26 14:00:00,21,3,1,2
2023-24,13,2023-11-26 16:30:00,9,16,0,3
2023-24,13,2023-11-27 20:00:00,10,23,3,2
2023-24,14,2023-12-02 15:00:00,2,23,2,1
2023-24,14,2023-12-02 15:00:00,4,14,3,1
2023-24,14,2023-12-02 15:00:00,6,19,5,0
2023-24,14,2023-12-02 17:30:00,18,9,0,1
2023-24,14,2023-12-02 20:00:00,17,16,1,0
2023-24,14,2023-12-03 14:00:00,1,3,2,2
2023-24,14,2023-12-03 15:00:00,7,5,3,2
2023-24,14,2023-12-03 15:00:00,13,10,4,3
2023-24,14,2023-12-03 15:00:00,22,8,1,1
2023-24,14,2023-12-03 16:30:00,15,21,3,3
2023-24,15,2023-12-05 19:30:00,23,6,1,0
2023-24,15,2023-12-05 20:15:00,14,2,3,4
2023-24,15,2023-12-06 19:30:00,5,4,2,1
2023-24,15,2023-12-06 15:00:00,10,18,5,0
2023-24,15,2023-12-06 15:00:00,19,13,0,2
2023-24,15,2023-12-06 15:00:00,8,1,0,2
2023-24,15,2023-12-06 20:15:00,3,15,1,0
2023-24,15,2023-12-06 15:00:00,16,7,2,1
2023-24,15,2023-12-07 19:30:00,9,17,3,0
2023-24,15,2023-12-07 20:15:00,21,22,1,2
2023-24,16,2023-12-09 12:30:00,8,13,1,2
2023-24,16,2023-12-09 15:00:00,5,6,1,1
2023-24,16,2023-12-09 15:00:00,16,1,0,3
2023-24,16,2023-12-09 15:00:00,19,4,1,0
2023-24,16,2023-12-09 15:00:00,23,18,1,1
2023-24,16,2023-12-09 17:30:00,3,2,1,0
2023-24,16,2023-12-10 14:00:00,9,7,2,0
2023-24,16,2023-12-10 15:00:00,10,22,5,0
2023-24,16,2023-12-10 15:00:00,14,15,1,2
2023-24,16,2023-12-10 16:30:00,21,17,4,1
2023-24,17,2023-12-15 20:00:00,18,21,0,2
2023-24,17,2023-12-16 15:00:00,7,19,2,0
2023-24,17,2023-12-16 15:00:00,15,8,2,2
2023-24,17,2023-12-16 15:00:00,17,10,3,0
2023-24,17,2023-12-16 17:30:00,6,9,0,2
2023-24,17,2023-12-17 14:00:00,2,5,2,0
2023-24,17,2023-12-17 15:00:00,4,3,1,2
2023-24,17,2023-12-17 15:00:00,22,23,3,0
2023-24,18,2023-12-21 20:00:00,8,5,1,1
2023-24,18,2023-12-22 20:00:00,3,19,1,1
2023-24,18,2023-12-23 12:30:00,22,16,2,0
2023-24,18,2023-12-23 15:00:00,10,6,0,2
2023-24,18,2023-12-23 15:00:00,14,17,1,0
2023-24,18,2023-12-23 15:00:00,18,1,2,3
2023-24,18,2023-12-23 15:00:00,21,9,2,1
2023-24,18,2023-12-23 17:30:00,13,2,1,1
2023-24,18,2023-12-24 13:00:00,23,7,2,1
2023-24,19,2023-12-26 12:30:00,17,18,1,3
2023-24,19,2023-12-26 15:00:00,1,10,3,0
2023-24,19,2023-12-26 15:00:00,19,14,2,3
2023-24,19,2023-12-26 17:30:00,6,13,0,2
2023-24,19,2023-12-26 20:00:00,16,3,3,2
2023-24,19,2023-12-27 19:30:00,4,23,1,4
2023-24,19,2023-12-27 15:00:00,7,8,2,1
2023-24,19,2023-12-27 20:15:00,9,15,1,3
2023-24,19,2023-12-28 19:30:00,5,21,4,2
2023-24,19,2023-12-28 20:15:00,2,22,0,2
2023-24,20,2023-12-30 12:30:00,14,7,2,3
2023-24,20,2023-12-30 15:00:00,3,6,3,2
2023-24,20,2023-12-30 15:00:00,8,4,3,1
2023-24,20,2023-12-30 15:00:00,15,19,2,0
2023-24,20,2023-12-30 15:00:00,23,9,3,0
2023-24,20,2023-12-30 17:30:00,18,16,2,1
2023-24,20,2023-12-31 14:00:00,10,2,2,1
2023-24,20,2023-12-31 15:00:00,21,1,3,1
2023-24,20,2024-01-01 20:00:00,13,17,4,2
2023-24,21,2024-01-12 19:45:00,6,14,1,1
2023-24,21,2024-01-13 12:30:00,7,10,1,0
2023-24,21,2024-01-13 17:30:00,17,15,2,3
2023-24,21,2024-01-14 16:30:00,16,21,2,2
2023-24,21,2024-01-20 12:30:00,2,8,5,0
2023-24,21,2024-01-20 17:30:00,4,18,3,2
2023-24,21,2024-01-21 14:00:00,19,22,2,2
2023-24,21,2024-01-21 16:30:00,1,13,0,4
2023-24,22,2024-01-30 19:30:00,18,2,1,2
2023-24,22,2024-01-30 19:45:00,14,5,4,0
2023-24,22,2024-01-30 20:00:00,8,19,3,2
2023-24,22,2024-01-30 20:15:00,3,17,1,3
2023-24,22,2024-01-31 19:30:00,21,4,3,2
2023-24,22,2024-01-31 15:00:00,15,6,3,1
2023-24,22,2024-01-31 20:15:00,13,7,4,1
2023-24,22,2024-02-01 19:30:00,22,1,1,1
2023-24,22,2024-02-01 20:15:00,23,16,3,4
2023-24,23,2024-02-03 12:30:00,9,21,2,2
2023-24,23,2024-02-03 15:00:00,5,8,4,1
2023-24,23,2024-02-03 15:00:00,6,10,2,2
2023-24,23,2024-02-03 15:00:00,17,14,4,4
2023-24,23,2024-02-03 17:30:00,19,3,0,5
2023-24,23,2024-02-04 14:00:00,1,18,1,1
2023-24,23,2024-02-04 15:00:00,7,23,2,4
2023-24,23,2024-02-04 15:00:00,16,22,3,0
2023-24,23,2024-02-04 16:30:00,2,13,3,1
2023-24,23,2024-02-05 20:00:00,4,15,1,3
2023-24,24,2024-02-10 12:30:00,15,9,2,0
2023-24,24,2024-02-10 15:00:00,10,1,3,1
2023-24,24,2024-02-10 15:00:00,13,6,3,1
2023-24,24,2024-02-10 15:00:00,14,19,1,3
2023-24,24,2024-02-10 15:00:00,21,5,2,1
2023-24,24,2024-02-10 15:00:00,23,4,0,2
2023-24,24,2024-02-10 17:30:00,18,17,2,3
2023-24,24,2024-02-11 14:00:00,22,2,0,6
2023-24,24,2024-02-11 16:30:00,3,16,1,2
2023-24,24,2024-02-12 20:00:00,8,7,1,3
2023-24,25,2024-02-17 12:30:00,4,13,1,4
2023-24,25,2024-02-17 15:00:00,6,2,0,5
2023-24,25,2024-02-17 15:00:00,10,3,1,2
2023-24,25,2024-02-17 15:00:00,17,1,2,2
2023-24,25,2024-02-17 15:00:00,18,22,2,0
2023-24,25,2024-02-17 15:00:00,21,23,1,2
2023-24,25,2024-02-17 17:30:00,15,7,1,1
2023-24,25,2024-02-18 14:00:00,19,5,0,5
2023-24,25,2024-02-18 16:30:00,14,16,1,2
2023-24,25,2024-02-19 20:00:00,9,8,1,1
2023-24,18,2024-02-20 19:30:00,15,4,1,0
2023-24,26,2024-02-21 19:30:00,13,14,4,1
2023-24,26,2024-02-24 15:00:00,3,18,4,2
2023-24,26,2024-02-24 15:00:00,5,9,1,1
2023-24,26,2024-02-24 15:00:00,8,6,3,0
2023-24,26,2024-02-24 15:00:00,16,10,1,2
2023-24,26,2024-02-24 17:30:00,1,15,0,1
2023-24,26,2024-02-24 20:00:00,2,17,4,1
2023-24,26,2024-02-25 13:30:00,23,19,1,0
2023-24,26,2024-02-26 20:00:00,22,4,4,2
2023-24,27,2024-03-02 15:00:00,4,7,2,2
2023-24,27,2024-03-02 15:00:00,9,22,1,3
2023-24,27,2024-03-02 15:00:00,10,5,3,0
2023-24,27,2024-03-02 15:00:00,17,23,3,0
2023-24,27,2024-03-02 15:00:00,18,13,0,1
2023-24,27,2024-03-02 15:00:00,21,8,3,1
2023-24,27,2024-03-02 17:30:00,14,3,2,3
2023-24,27,2024-03-03 13:00:00,6,1,0,2
2023-24,27,2024-03-03 15:30:00,15,16,3,1
2023-24,27,2024-03-04 20:00:00,19,2,0,6
2023-24,28,2024-03-09 12:30:00,16,9,2,0
2023-24,28,2024-03-09 15:00:00,1,19,2,2
2023-24,28,2024-03-09 15:00:00,8,14,1,1
2023-24,28,2024-03-09 15:00:00,23,10,2,1
2023-24,28,2024-03-09 17:30:00,2,4,2,1
2023-24,28,2024-03-10 13:00:00,3,21,0,4
2023-24,28,2024-03-10 14:00:00,5,18,1,0
2023-24,28,2024-03-10 15:00:00,22,6,2,2
2023-24,28,2024-03-10 15:45:00,13,15,1,1
2023-24,28,2024-03-11 20:00:00,7,17,3,2
2023-24,17,2024-03-13 19:30:00,1,14,4,3
2023-24,29,2024-03-16 15:00:00,6,4,2,1
2023-24,29,2024-03-16 15:00:00,14,18,1,1
2023-24,29,2024-03-16 17:30:00,10,21,3,0
2023-24,29,2024-03-17 14:00:00,22,3,1,1
2023-24,30,2024-03-30 12:30:00,17,22,4,3
2023-24,30,2024-03-30 15:00:00,1,9,2,1
2023-24,30,2024-03-30 15:00:00,7,6,2,2
2023-24,30,2024-03-30 15:00:00,18,8,1,1
2023-24,30,2024-03-30 15:00:00,19,10,3,3
2023-24,30,2024-03-30 15:00:00,21,14,2,1
2023-24,30,2024-03-30 17:30:00,3,23,2,0
2023-24,30,2024-03-30 20:00:00,4,16,1,1
2023-24,30,2024-03-31 14:00:00,13,5,2,1
2023-24,31,2024-04-02 19:30:00,18,10,3,1
2023-24,31,2024-04-02 15:00:00,17,9,1,1
2023-24,31,2024-04-02 19:45:00,1,8,1,0
2023-24,31,2024-04-02 15:00:00,6,23,1,1
2023-24,31,2024-04-02 20:15:00,22,21,1,1
2023-24,31,2024-04-03 19:30:00,2,14,2,0
2023-24,31,2024-04-03 20:15:00,15,3,4,1
2023-24,31,2024-04-04 19:30:00,13,19,3,1
2023-24,31,2024-04-04 20:15:00,7,16,4,3
2023-24,32,2024-04-06 12:30:00,8,15,2,4
2023-24,32,2024-04-06 15:00:00,3,4,3,3
2023-24,32,2024-04-06 15:00:00,9,6,1,0
2023-24,32,2024-04-06 15:00:00,10,17,0,1
2023-24,32,2024-04-06 15:00:00,14,1,2,1
2023-24,32,2024-04-06 15:00:00,23,22,1,2
2023-24,32,2024-04-06 17:30:00,5,2,0,3
2023-24,32,2024-04-07 15:30:00,16,13,2,2
2023-24,32,2024-04-07 17:30:00,19,7,2,2
2023-24,32,2024-04-07 18:00:00,21,18,3,1
2023-24,33,2024-04-13 12:30:00,17,21,4,0
2023-24,33,2024-04-13 15:00:00,4,19,2,0
2023-24,33,2024-04-13 15:00:00,6,5,1,1
2023-24,33,2024-04-13 15:00:00,15,14,5,1
2023-24,33,2024-04-13 15:00:00,18,23,2,2
2023-24,33,2024-04-13 17:30:00,1,16,2,2
2023-24,33,2024-04-14 14:00:00,13,8,0,1
2023-24,33,2024-04-14 15:00:00,22,10,0,2
2023-24,33,2024-04-14 16:30:00,2,3,0,2
2023-24,33,2024-04-15 20:00:00,7,9,6,0
2023-24,34,2024-04-20 15:00:00,14,4,1,5
2023-24,34,2024-04-20 15:00:00,19,6,1,4
2023-24,34,2024-04-20 19:30:00,23,2,0,2
2023-24,34,2024-04-21 13:30:00,9,18,2,0
2023-24,34,2024-04-21 15:00:00,3,1,3,1
2023-24,34,2024-04-21 15:00:00,8,22,5,2
2023-24,34,2024-04-21 16:30:00,10,13,1,3
2023-24,29,2024-04-23 20:00:00,2,7,5,0
2023-24,29,2024-04-24 19:45:00,23,1,0,1
2023-24,29,2024-04-24 20:00:00,8,17,2,0
2023-24,29,2024-04-24 15:00:00,9,13,2,0
2023-24,29,2024-04-24 15:00:00,16,19,4,2
2023-24,29,2024-04-25 20:00:00,5,15,0,4
2023-24,35,2024-04-27 12:30:00,22,13,2,2
2023-24,35,2024-04-27 15:00:00,10,8,1,1
2023-24,35,2024-04-27 15:00:00,16,6,1,1
2023-24,35,2024-04-27 15:00:00,17,19,5,1
2023-24,35,2024-04-27 15:00:00,23,14,2,1
2023-24,35,2024-04-27 17:30:00,9,4,1,0
2023-24,35,2024-04-27 20:00:00,3,7,2,2
2023-24,35,2024-04-28 14:00:00,1,5,3,0
2023-24,35,2024-04-28 15:00:00,21,2,2,3
2023-24,35,2024-04-28 16:30:00,18,15,0,2
2023-24,26,2024-05-02 19:30:00,7,21,2,0
2023-24,36,2024-05-03 20:00:00,14,9,1,1
2023-24,36,2024-05-04 12:30:00,2,1,3,0
2023-24,36,2024-05-04 15:00:00,6,17,1,4
2023-24,36,2024-05-04 15:00:00,19,18,1,3
2023-24,36,2024-05-04 17:30:00,15,23,5,1
2023-24,36,2024-05-05 14:00:00,5,3,1,0
2023-24,36,2024-05-05 15:00:00,7,22,5,0
2023-24,36,2024-05-05 16:30:00,13,21,4,2
2023-24,36,2024-05-06 20:00:00,8,16,4,0
2023-24,37,2024-05-11 12:30:00,10,15,0,4
2023-24,37,2024-05-11 15:00:00,1,4,1,2
2023-24,37,2024-05-11 15:00:00,9,19,1,0
2023-24,37,2024-05-11 15:00:00,17,5,1,1
2023-24,37,2024-05-11 15:00:00,21,6,2,1
2023-24,37,2024-05-11 15:00:00,22,14,3,1
2023-24,37,2024-05-11 15:00:00,23,8,1,3
2023-24,37,2024-05-11 17:30:00,18,7,2,3
2023-24,37,2024-05-12 16:30:00,16,2,0,1
2023-24,37,2024-05-13 20:00:00,3,13,3,3
2023-24,34,2024-05-14 20:00:00,21,15,0,2
2023-24,34,2024-05-15 19:45:00,5,7,1,2
2023-24,34,2024-05-15 20:00:00,16,17,3,2
2023-24,38,2024-05-19 16:00:00,2,9,2,1
2023-24,38,2024-05-19 15:00:00,4,17,2,4
2023-24,38,2024-05-19 15:00:00,5,16,0,2
2023-24,38,2024-05-19 15:00:00,6,18,1,2
2023-24,38,2024-05-19 15:00:00,7,1,2,1
2023-24,38,2024-05-19 15:00:00,8,3,5,0
2023-24,38,2024-05-19 15:00:00,13,23,2,0
2023-24,38,2024-05-19 15:00:00,14,10,2,4
2023-24,38,2024-05-19 15:00:00,15,22,3,1
2023-24,38,2024-05-19 15:00:00,19,21,0,3
2024-25,1,2024-08-16 20:00:00,16,10,1,0
2024-25,1,2024-08-17 12:30:00,11,13,0,2
2024-25,1,2024-08-17 15:00:00,2,23,2,0
2024-25,1,2024-08-17 15:00:00,9,5,0,3
2024-25,1,2024-08-17 15:00:00,17,20,1,0
2024-25,1,2024-08-17 15:00:00,18,1,1,1
2024-25,1,2024-08-17 17:30:00,22,3,1,2
2024-25,1,2024-08-18 14:00:00,4,8,2,1
2024-25,1,2024-08-18 16:30:00,7,15,0,2
2024-25,1,2024-08-19 20:00:00,12,21,1,1
2024-25,2,2024-08-24 12:30:00,5,16,2,1
2024-25,2,2024-08-24 15:00:00,8,22,0,2
2024-25,2,2024-08-24 15:00:00,10,12,2,1
2024-25,2,2024-08-24 15:00:00,15,11,4,1
2024-25,2,2024-08-24 15:00:00,20,18,0,1
2024-25,2,2024-08-24 15:00:00,21,9,4,0
2024-25,2,2024-08-24 17:30:00,3,2,0,2
2024-25,2,2024-08-25 14:00:00,1,17,1,1
2024-25,2,2024-08-25 15:00:00,23,7,2,6
2024-25,2,2024-08-25 16:30:00,13,4,2,0
2024-25,3,2024-08-31 12:30:00,2,5,1,1
2024-25,3,2024-08-31 15:00:00,4,20,3,1
2024-25,3,2024-08-31 15:00:00,9,1,2,3
2024-25,3,2024-08-31 15:00:00,11,10,1,1
2024-25,3,2024-08-31 15:00:00,12,3,1,2
2024-25,3,2024-08-31 15:00:00,18,23,1,1
2024-25,3,2024-08-31 17:30:00,22,15,1,3
2024-25,3,2024-09-01 13:30:00,7,8,1,1
2024-25,3,2024-09-01 15:00:00,17,21,2,1
2024-25,3,2024-09-01 16:00:00,16,13,0,3
2024-25,4,2024-09-14 12:30:00,20,16,0,3
2024-25,4,2024-09-14 15:00:00,8,12,2,2
2024-25,4,2024-09-14 15:00:00,10,22,1,1
2024-25,4,2024-09-14 15:00:00,13,18,0,1
2024-25,4,2024-09-14 15:00:00,15,4,2,1
2024-25,4,2024-09-14 17:30:00,3,9,3,2
2024-25,4,2024-09-14 20:00:00,1,7,0,1
2024-25,4,2024-09-15 14:00:00,21,2,0,1
2024-25,4,2024-09-15 16:30:00,23,17,1,2
2024-25,5,2024-09-21 12:30:00,22,7,0,3
2024-25,5,2024-09-21 15:00:00,3,23,3,1
2024-25,5,2024-09-21 15:00:00,10,17,3,1
2024-25,5,2024-09-21 15:00:00,12,9,1,1
2024-25,5,2024-09-21 15:00:00,13,1,3,0
2024-25,5,2024-09-21 15:00:00,20,11,1,1
2024-25,5,2024-09-21 15:00:00,21,4,3,1
2024-25,5,2024-09-22 14:00:00,5,18,2,2
2024-25,5,2024-09-22 16:30:00,15,2,2,2
2024-25,6,2024-09-28 12:30:00,17,15,1,1
2024-25,6,2024-09-28 15:00:00,2,12,4,2
2024-25,6,2024-09-28 15:00:00,4,22,1,1
2024-25,6,2024-09-28 15:00:00,7,5,4,2
2024-25,6,2024-09-28 15:00:00,9,8,2,1
2024-25,6,2024-09-28 15:00:00,18,10,0,1
2024-25,6,2024-09-28 17:30:00,23,13,1,2
2024-25,6,2024-09-29 14:00:00,11,3,2,2
2024-25,6,2024-09-29 16:30:00,16,21,0,3
2024-25,6,2024-09-30 20:00:00,1,20,3,1
2024-25,7,2024-10-05 12:30:00,8,13,0,1
2024-25,7,2024-10-05 15:00:00,2,20,3,1
2024-25,7,2024-10-05 15:00:00,4,23,5,3
2024-25,7,2024-10-05 15:00:00,12,1,1,0
2024-25,7,2024-10-05 15:00:00,15,10,3,2
2024-25,7,2024-10-05 15:00:00,22,11,4,1
2024-25,7,2024-10-06 15:00:00,7,18,1,1
2024-25,7,2024-10-06 16:30:00,5,21,3,2
2024-25,8,2024-10-19 12:30:00,21,22,4,1
2024-25,8,2024-10-19 15:00:00,10,3,1,3
2024-25,8,2024-10-19 15:00:00,11,9,0,2
2024-25,8,2024-10-19 15:00:00,16,4,2,1
2024-25,8,2024-10-19 15:00:00,17,5,0,1
2024-25,8,2024-10-19 15:00:00,20,12,2,3
2024-25,8,2024-10-19 17:30:00,1,2,2,0
2024-25,8,2024-10-20 14:00:00,23,15,1,2
2024-25,8,2024-10-20 16:30:00,13,7,2,1
2024-25,8,2024-10-21 20:00:00,18,8,1,0
2024-25,9,2024-10-25 20:00:00,12,18,1,3
2024-25,9,2024-10-26 15:00:00,3,1,1,1
2024-25,9,2024-10-26 15:00:00,4,11,4,3
2024-25,9,2024-10-26 15:00:00,5,23,2,2
2024-25,9,2024-10-26 15:00:00,15,20,1,0
2024-25,9,2024-10-26 17:30:00,9,10,1,1
2024-25,9,2024-10-27 14:00:00,7,17,2,1
2024-25,9,2024-10-27 15:00:00,8,21,1,0
2024-25,9,2024-10-27 15:00:00,22,16,2,1
2024-25,9,2024-10-27 16:30:00,2,13,2,2
2024-25,10,2024-11-02 12:30:00,17,2,1,0
2024-25,10,2024-11-02 15:00:00,1,15,2,1
2024-25,10,2024-11-02 15:00:00,11,12,1,1
2024-25,10,2024-11-02 15:00:00,13,5,2,1
2024-25,10,2024-11-02 15:00:00,18,22,3,0
2024-25,10,2024-11-02 15:00:00,20,9,1,0
2024-25,10,2024-11-02 17:30:00,23,8,2,2
2024-25,10,2024-11-03 14:00:00,21,3,4,1
2024-25,10,2024-11-03 16:30:00,16,7,1,1
2024-25,10,2024-11-04 20:00:00,10,4,2,1
2024-25,11,2024-11-09 15:00:00,4,1,3,2
2024-25,11,2024-11-09 15:00:00,8,10,0,2
2024-25,11,2024-11-09 15:00:00,23,20,2,0
2024-25,11,2024-11-09 17:30:00,5,15,2,1
2024-25,11,2024-11-09 20:00:00,13,3,2,0
2024-25,11,2024-11-10 14:00:00,16,12,3,0
2024-25,11,2024-11-10 15:00:00,18,17,1,3
2024-25,11,2024-11-10 15:00:00,21,11,1,2
2024-25,11,2024-11-10 16:30:00,7,2,1,1
2024-25,12,2024-11-23 12:30:00,12,7,1,2
2024-25,12,2024-11-23 15:00:00,1,5,1,2
2024-25,12,2024-11-23 15:00:00,2,18,3,0
2024-25,12,2024-11-23 15:00:00,3,8,2,2
2024-25,12,2024-11-23 15:00:00,10,23,1,4
2024-25,12,2024-11-23 17:30:00,15,21,0,4
2024-25,12,2024-11-24 14:00:00,20,13,2,3
2024-25,12,2024-11-24 16:30:00,11,16,1,1
2024-25,12,2024-11-25 20:00:00,17,22,0,2
2024-25,13,2024-11-29 20:00:00,5,20,1,1
2024-25,13,2024-11-30 15:00:00,4,12,4,1
2024-25,13,2024-11-30 15:00:00,8,17,1,1
2024-25,13,2024-11-30 15:00:00,18,11,1,0
2024-25,13,2024-11-30 15:00:00,23,1,2,4
2024-25,13,2024-11-30 17:30:00,22,2,2,5
2024-25,13,2024-12-01 13:30:00,7,3,3,0
2024-25,13,2024-12-01 15:00:00,16,9,4,0
2024-25,13,2024-12-01 15:00:00,21,10,1,1
2024-25,13,2024-12-01 16:00:00,13,15,2,0
2024-25,14,2024-12-03 19:30:00,11,8,0,1
2024-25,14,2024-12-03 20:15:00,12,22,3,1
2024-25,14,2024-12-04 19:30:00,9,23,4,0
2024-25,14,2024-12-04 15:00:00,15,18,3,0
2024-25,14,2024-12-04 15:00:00,17,13,3,3
2024-25,14,2024-12-04 15:00:00,20,7,1,5
2024-25,14,2024-12-04 20:15:00,2,16,2,0
2024-25,14,2024-12-04 15:00:00,3,4,3,1
2024-25,14,2024-12-05 19:30:00,10,5,3,1
2024-25,14,2024-12-05 20:15:00,1,21,1,0
2024-25,15,2024-12-07 15:00:00,3,20,1,0
2024-25,15,2024-12-07 15:00:00,4,17,4,2
2024-25,15,2024-12-07 15:00:00,8,15,2,2
2024-25,15,2024-12-07 17:30:00,16,18,2,3
2024-25,15,2024-12-08 14:00:00,10,2,1,1
2024-25,15,2024-12-08 15:00:00,11,1,1,2
2024-25,15,2024-12-08 15:00:00,12,5,2,2
2024-25,15,2024-12-08 16:30:00,21,7,3,4
2024-25,15,2024-12-09 20:00:00,22,23,2,1
2024-25,16,2024-12-14 15:00:00,13,10,2,2
2024-25,16,2024-12-14 15:00:00,17,12,4,0
2024-25,16,2024-12-14 15:00:00,23,11,1,2
2024-25,16,2024-12-14 17:30:00,18,3,2,1
2024-25,16,2024-12-15 14:00:00,5,8,1,3
2024-25,16,2024-12-15 16:30:00,15,16,1,2
2024-25,16,2024-12-15 19:00:00,7,4,2,1
2024-25,16,2024-12-15 15:00:00,20,21,0,5
2024-25,16,2024-12-16 20:00:00,1,22,1,1
2024-25,17,2024-12-21 12:30:00,3,15,2,1
2024-25,17,2024-12-21 15:00:00,4,18,0,2
2024-25,17,2024-12-21 15:00:00,11,17,0,4
2024-25,17,2024-12-21 15:00:00,22,5,1,1
2024-25,17,2024-12-21 17:30:00,8,2,1,5
2024-25,17,2024-12-22 15:00:00,12,23,0,3
2024-25,17,2024-12-22 15:00:00,16,1,0,3
2024-25,17,2024-12-22 16:30:00,21,13,3,6
2024-25,18,2024-12-26 12:30:00,15,9,1,1
2024-25,18,2024-12-26 15:00:00,7,10,1,2
2024-25,18,2024-12-26 15:00:00,17,3,3,0
2024-25,18,2024-12-26 15:00:00,18,21,1,0
2024-25,18,2024-12-26 15:00:00,20,22,0,1
2024-25,18,2024-12-26 17:30:00,23,16,2,0
2024-25,18,2024-12-26 20:00:00,13,12,3,1
2024-25,18,2024-12-27 20:15:00,2,11,1,0
2024-25,19,2024-12-29 14:30:00,12,15,0,2
2024-25,19,2024-12-29 15:00:00,8,20,2,1
2024-25,19,2024-12-29 15:00:00,9,18,0,2
2024-25,19,2024-12-29 15:00:00,10,1,2,2
2024-25,19,2024-12-29 15:00:00,21,23,2,2
2024-25,19,2024-12-29 17:15:00,22,13,0,5
2024-25,19,2024-12-30 19:45:00,3,5,2,2
2024-25,19,2024-12-30 15:00:00,11,7,2,0
2024-25,19,2024-12-30 20:00:00,16,17,0,2
2024-25,19,2025-01-01 17:30:00,4,2,1,3
2024-25,20,2025-01-04 12:30:00,21,17,1,2
2024-25,20,2025-01-04 15:00:00,20,4,0,5
2024-25,20,2025-01-04 15:00:00,8,7,1,1
2024-25,20,2025-01-04 15:00:00,1,9,1,0
2024-25,20,2025-01-04 15:00:00,3,12,2,1
2024-25,20,2025-01-04 15:00:00,15,22,4,1
2024-25,20,2025-01-04 17:30:00,5,2,1,1
2024-25,20,2025-01-05 14:00:00,10,11,2,2
2024-25,20,2025-01-05 16:30:00,13,16,2,2
2024-25,20,2025-01-06 20:00:00,23,18,0,3
2024-25,21,2025-01-14 19:30:00,22,10,3,2
2024-25,21,2025-01-14 15:00:00,4,15,2,2
2024-25,21,2025-01-14 15:00:00,7,1,2,2
2024-25,21,2025-01-14 20:00:00,18,13,1,1
2024-25,21,2025-01-15 19:30:00,9,3,0,1
2024-25,21,2025-01-15 15:00:00,12,8,0,2
2024-25,21,2025-01-15 15:00:00,17,23,3,0
2024-25,21,2025-01-15 20:00:00,2,21,2,1
2024-25,21,2025-01-16 19:30:00,11,5,0,2
2024-25,21,2025-01-16 20:00:00,16,20,3,1
2024-25,22,2025-01-18 12:30:00,17,1,1,4
2024-25,22,2025-01-18 15:00:00,22,8,0,2
2024-25,22,2025-01-18 15:00:00,12,10,0,2
2024-25,22,2025-01-18 15:00:00,4,13,0,2
2024-25,22,2025-01-18 17:30:00,2,3,2,2
2024-25,22,2025-01-19 14:00:00,16,5,1,3
2024-25,22,2025-01-19 15:00:00,18,20,3,2
2024-25,22,2025-01-19 15:00:00,9,21,3,2
2024-25,22,2025-01-19 16:30:00,11,15,0,6
2024-25,22,2025-01-20 20:00:00,7,23,3,1
2024-25,23,2025-01-25 15:00:00,13,11,4,1
2024-25,23,2025-01-25 15:00:00,23,2,0,1
2024-25,23,2025-01-25 15:00:00,5,9,0,1
2024-25,23,2025-01-25 15:00:00,20,17,1,3
2024-25,23,2025-01-25 15:00:00,1,18,5,0
2024-25,23,2025-01-25 17:30:00,15,7,3,1
2024-25,23,2025-01-26 14:00:00,8,4,1,2
2024-25,23,2025-01-26 15:00:00,21,12,1,2
2024-25,23,2025-01-26 16:30:00,3,22,1,1
2024-25,23,2025-01-26 19:00:00,10,16,0,1
2024-25,24,2025-02-01 12:30:00,18,5,7,0
2024-25,24,2025-02-01 15:00:00,17,10,1,2
2024-25,24,2025-02-01 15:00:00,9,12,4,0
2024-25,24,2025-02-01 15:00:00,1,13,0,2
2024-25,24,2025-02-01 15:00:00,11,20,1,2
2024-25,24,2025-02-01 17:30:00,23,3,2,0
2024-25,24,2025-02-02 14:00:00,16,8,0,2
2024-25,24,2025-02-02 15:00:00,4,21,0,2
2024-25,24,2025-02-02 16:30:00,2,15,5,1
2024-25,24,2025-02-03 20:00:00,7,22,2,1
2024-25,15,2025-02-12 19:30:00,9,13,2,2
2024-25,25,2025-02-14 20:00:00,5,7,3,0
2024-25,25,2025-02-15 12:30:00,12,2,0,2
2024-25,25,2025-02-15 15:00:00,20,1,1,3
2024-25,25,2025-02-15 15:00:00,22,4,0,1
2024-25,25,2025-02-15 15:00:00,3,11,1,1
2024-25,25,2025-02-15 15:00:00,15,17,4,0
2024-25,25,2025-02-15 15:00:00,10,18,2,1
2024-25,25,2025-02-15 17:30:00,8,9,1,2
2024-25,25,2025-02-16 14:00:00,13,23,2,1
2024-25,25,2025-02-16 16:30:00,21,16,1,0
2024-25,29,2025-02-19 19:30:00,3,13,2,2
2024-25,26,2025-02-21 20:00:00,12,4,0,4
2024-25,26,2025-02-22 12:30:00,9,16,2,2
2024-25,26,2025-02-22 15:00:00,11,21,1,4
2024-25,26,2025-02-22 15:00:00,10,8,0,2
2024-25,26,2025-02-22 15:00:00,2,22,0,1
2024-25,26,2025-02-22 15:00:00,1,23,0,1
2024-25,26,2025-02-22 15:00:00,20,5,0,4
2024-25,26,2025-02-22 17:30:00,3,7,2,1
2024-25,26,2025-02-23 14:00:00,17,18,4,3
2024-25,26,2025-02-23 16:30:00,15,13,0,2
2024-25,27,2025-02-25 19:30:00,5,1,2,1
2024-25,27,2025-02-25 15:00:00,8,3,4,1
2024-25,27,2025-02-25 15:00:00,23,10,1,2
2024-25,27,2025-02-25 20:15:00,7,20,4,0
2024-25,27,2025-02-26 15:00:00,4,9,1,1
2024-25,27,2025-02-26 15:00:00,21,15,0,1
2024-25,27,2025-02-26 15:00:00,16,11,3,2
2024-25,27,2025-02-26 20:15:00,13,17,2,0
2024-25,27,2025-02-27 20:00:00,22,12,2,0
2024-25,28,2025-03-08 12:30:00,18,15,1,0
2024-25,28,2025-03-08 15:00:00,5,10,2,1
2024-25,28,2025-03-08 15:00:00,8,11,1,0
2024-25,28,2025-03-08 15:00:00,13,20,3,1
2024-25,28,2025-03-08 17:30:00,4,3,0,1
2024-25,28,2025-03-08 20:00:00,23,9,1,1
2024-25,28,2025-03-09 14:00:00,21,1,2,2
2024-25,28,2025-03-09 15:00:00,7,12,1,0
2024-25,28,2025-03-09 16:30:00,16,2,1,1
2024-25,28,2025-03-10 20:00:00,22,17,0,1
2024-25,29,2025-03-15 15:00:00,9,22,1,1
2024-25,29,2025-03-15 15:00:00,11,18,2,4
2024-25,29,2025-03-15 15:00:00,15,5,2,2
2024-25,29,2025-03-15 15:00:00,20,23,1,2
2024-25,29,2025-03-15 17:30:00,1,4,1,2
2024-25,29,2025-03-16 13:30:00,2,7,1,0
2024-25,29,2025-03-16 15:00:00,10,21,2,0
2024-25,29,2025-03-16 19:00:00,12,16,0,3
2024-25,30,2025-04-01 19:45:00,2,10,2,1
2024-25,30,2025-04-01 15:00:00,23,22,1,0
2024-25,30,2025-04-01 20:00:00,18,16,1,0
2024-25,30,2025-04-02 19:45:00,1,11,1,2
2024-25,30,2025-04-02 15:00:00,5,3,0,3
2024-25,30,2025-04-02 15:00:00,15,12,2,0
2024-25,30,2025-04-02 15:00:00,17,4,2,1
2024-25,30,2025-04-02 15:00:00,20,8,1,1
2024-25,30,2025-04-02 20:00:00,13,9,1,0
2024-25,30,2025-04-03 20:00:00,7,21,1,0
2024-25,31,2025-04-05 12:30:00,9,2,1,1
2024-25,31,2025-04-05 15:00:00,8,5,2,1
2024-25,31,2025-04-05 15:00:00,11,23,1,2
2024-25,31,2025-04-05 15:00:00,22,1,2,2
2024-25,31,2025-04-05 17:30:00,3,18,2,1
2024-25,31,2025-04-06 15:00:00,10,13,3,2
2024-25,31,2025-04-06 15:00:00,21,20,3,1
2024-25,31,2025-04-07 20:00:00,12,17,0,3
2024-25,32,2025-04-12 12:30:00,15,8,5,2
2024-25,32,2025-04-12 15:00:00,5,12,2,2
2024-25,32,2025-04-12 15:00:00,18,9,0,1
2024-25,32,2025-04-12 15:00:00,20,3,0,3
2024-25,32,2025-04-12 17:30:00,2,4,1,1
2024-25,32,2025-04-13 14:00:00,7,11,2,2
2024-25,32,2025-04-13 15:00:00,13,22,2,1
2024-25,32,2025-04-13 15:00:00,23,21,4,2
2024-25,32,2025-04-13 16:30:00,17,16,4,1
2024-25,32,2025-04-14 20:00:00,1,10,1,0
2024-25,29,2025-04-16 19:30:00,17,8,5,0
2024-25,33,2025-04-19 15:00:00,4,5,4,2
2024-25,33,2025-04-19 15:00:00,9,15,0,2
2024-25,33,2025-04-19 15:00:00,22,20,1,1
2024-25,33,2025-04-19 17:30:00,3,17,4,1
2024-25,33,2025-04-20 14:00:00,10,7,1,2
2024-25,33,2025-04-20 15:00:00,11,2,0,4
2024-25,33,2025-04-20 15:00:00,16,23,0,1
2024-25,33,2025-04-20 16:30:00,12,13,0,1
2024-25,33,2025-04-21 20:00:00,21,18,1,2
2024-25,34,2025-04-22 20:00:00,15,3,2,1
2024-25,34,2025-04-23 20:00:00,2,8,2,2
2024-25,34,2025-04-26 12:30:00,7,9,1,0
2024-25,34,2025-04-26 15:00:00,5,22,3,2
2024-25,34,2025-04-26 15:00:00,17,11,3,0
2024-25,34,2025-04-26 15:00:00,20,10,1,2
2024-25,34,2025-04-26 15:00:00,23,12,3,0
2024-25,34,2025-04-27 14:00:00,1,16,1,1
2024-25,34,2025-04-27 16:30:00,13,21,5,1
2024-25,34,2025-05-01 19:30:00,18,4,0,2
2024-25,35,2025-05-02 20:00:00,15,23,1,0
2024-25,35,2025-05-03 12:30:00,3,10,1,0
2024-25,35,2025-05-03 15:00:00,9,11,2,2
2024-25,35,2025-05-03 15:00:00,12,20,2,0
2024-25,35,2025-05-03 17:30:00,2,1,1,2
2024-25,35,2025-05-04 14:00:00,4,16,4,3
2024-25,35,2025-05-04 15:00:00,5,17,1,1
2024-25,35,2025-05-04 15:00:00,22,21,1,1
2024-25,35,2025-05-04 16:30:00,7,13,3,1
2024-25,35,2025-05-05 20:00:00,8,18,1,1
2024-25,36,2025-05-10 15:00:00,10,9,1,3
2024-25,36,2025-05-10 15:00:00,11,4,0,1
2024-25,36,2025-05-10 15:00:00,23,5,0,2
2024-25,36,2025-05-10 17:30:00,1,3,0,1
2024-25,36,2025-05-11 12:00:00,17,7,2,0
2024-25,36,2025-05-11 14:15:00,16,22,0,2
2024-25,36,2025-05-11 15:00:00,18,12,2,2
2024-25,36,2025-05-11 15:00:00,21,8,0,2
2024-25,36,2025-05-11 16:30:00,13,2,2,2
2024-25,37,2025-05-16 19:30:00,3,21,2,0
2024-25,37,2025-05-16 20:15:00,7,16,1,0
2024-25,37,2025-05-18 12:00:00,9,20,2,0
2024-25,37,2025-05-18 14:15:00,22,18,1,2
2024-25,37,2025-05-18 15:00:00,4,10,2,3
2024-25,37,2025-05-18 15:00:00,12,11,2,0
2024-25,37,2025-05-18 16:30:00,2,17,1,0
2024-25,37,2025-05-19 20:00:00,5,13,3,2
2024-25,37,2025-05-20 20:00:00,8,23,4,2
2024-25,37,2025-05-20 15:00:00,15,1,3,1
2024-25,38,2025-05-25 16:00:00,1,12,2,0
2024-25,38,2025-05-25 15:00:00,10,15,0,2
2024-25,38,2025-05-25 15:00:00,11,22,1,3
2024-25,38,2025-05-25 15:00:00,13,8,1,1
2024-25,38,2025-05-25 15:00:00,16,3,2,0
2024-25,38,2025-05-25 15:00:00,17,9,0,1
2024-25,38,2025-05-25 15:00:00,18,7,0,1
2024-25,38,2025-05-25 15:00:00,20,2,1,2
2024-25,38,2025-05-25 15:00:00,21,5,1,4
2024-25,38,2025-05-25 15:00:00,23,4,1,1
